Word1,Word2,Edge weight
social,media,366.48022807508755
source,open,214.25284819781396
reverse,proxy,137.8521889740604
self,hosted,134.39359096559164
verification,age,119.46380785041919
self,hosting,96.97941006005037
password,manager,92.02586799888883
years,ago,88.97207213340354
third,party,85.1409056609521
mean,doesn't,82.66568558269088
email,address,80.56495874148004
self,host,80.55504084389949
years,few,79.43918578969914
phone,number,71.83874279209326
docker,compose,66.31711423536096
over,control,64.0564377452429
single,every,61.44594227921216
turn,off,56.24788416989182
thing,same,54.95521701820831
know,didn't,54.04124346130731
